store_name,total_sales,good_reviews,product_title,price,sales,tags,缺货标志
安宸嘉美妆进口专营店,全店总售57.8万+件,,【赠礼盒】兰蔻全新菁纯口红196经典朱砂橘小蛮腰,¥199,已抢7件,即将售罄|国内现货|24小时发货|假一赔十,Y
安宸嘉美妆进口专营店,全店总售57.8万+件,,3CE 12色眼影盘水泥盘杏粉盘,¥111.45,已抢742件,百亿补贴|正品险,
安宸嘉美妆进口专营店,全店总售57.8万+件,,【爱敬】亲肤定妆散粉控油持久蜜粉防水油皮,,,即将售罄,Y
安宸嘉美妆进口专营店,全店总售57.8万+件,,3CE一滴泪 液体眼影珠光double note五彩珠光亮片,,,百亿补贴,
安宸嘉美妆进口专营店,全店总售57.8万+件,,【爱敬】亲肤定妆散粉控油持久蜜粉防水油皮,¥79.9,已抢9件,即将售罄|国内现货|24小时发货|假一赔十,Y
安宸嘉美妆进口专营店,全店总售57.8万+件,,3CE一滴泪 液体眼影珠光double note五彩珠光亮片,¥36.4,已抢1072件,百亿补贴|2968人收藏|正品险|假一赔十,
安宸嘉美妆进口专营店,全店总售57.8万+件,,【兰蔻】水粉底 养肤柔光水润保湿贴肤干皮粉底液底妆30ml,¥99,已抢32件,仅剩4件|国内现货|24小时发货|假一赔十,Y
安宸嘉美妆进口专营店,全店总售57.8万+件,,3CE融光唇冻 细管口红镜面【丝巾限定】#SECOND SKIN「淡琥珀」,¥54,已抢127件,百亿补贴|正品险|假一赔十,
安宸嘉美妆进口专营店,全店总售57.8万+件,,【兰蔻】水粉底 养肤柔光水润保湿贴肤干皮粉底液底妆30ml,,,,
安宸嘉美妆进口专营店,全店总售57.8万+件,,3CE融光唇冻 细管口红镜面【丝巾限定】#SECOND SKIN「淡琥珀」,,,,
安宸嘉美妆进口专营店,全店总售57.8万+件,,爱敬钻石气垫bb霜粉底液保湿提亮防晒SPF50,¥79,已抢4件,即将售罄|24小时发货|假一赔十,Y
安宸嘉美妆进口专营店,全店总售57.8万+件,,3CE九色九宫格纷呈眼影盘哑光大地色深棕哑光,¥88.5,总售21.2万+件,百亿补贴|正品险,
安宸嘉美妆进口专营店,全店总售57.8万+件,,【烘焙大师】3ce丝绒高定唇釉#29酥皮杏色,¥72,已抢7件,即将售罄|国内现货|假一赔十,Y
安宸嘉美妆进口专营店,全店总售57.8万+件,,【赠礼盒 手持镜】3CE扑克牌流砂限定12色眼影#鎏金盘OUIET BROWN,¥269,已抢7件,仅剩3件|国内现货|24小时发货|假一赔十,Y
安宸嘉美妆进口专营店,全店总售57.8万+件,,【烘焙大师】3ce丝绒高定唇釉#29酥皮杏色,,,,
安宸嘉美妆进口专营店,全店总售57.8万+件,,【赠礼盒 手持镜】3CE扑克牌流砂限定12色眼影#鎏金盘OUIET BROWN,,,,
安宸嘉美妆进口专营店,全店总售57.8万+件,,3CE门面气垫粉扑粉底液替换芯遮瑕不易脱妆,¥219,已抢7件,即将售罄|国内现货|假一赔十,Y
安宸嘉美妆进口专营店,全店总售57.8万+件,,3CE一滴泪 液体眼影五彩珠光亮片double note【版本随机发】,¥66,已抢4200件,百亿补贴|即将售罄|24小时发货,Y
安宸嘉美妆进口专营店,全店总售57.8万+件,,3CE融光唇冻 细管口红镜面【丝巾限定】#SECOND SKIN「淡琥珀」,¥54.5,已抢49件,百亿补贴|仅剩19件|国内现货|正品险|假一赔十,Y
安宸嘉美妆进口专营店,全店总售57.8万+件,,3CE裸感贴肤气垫粉底液 持久遮瑕自然滋润,¥68,已抢52件,仅剩8件|国内现货|假一赔十,Y
安宸嘉美妆进口专营店,全店总售57.8万+件,,3CE 12色眼影盘水泥盘杏粉盘,¥96.7,已抢1002件,百亿补贴|即将售罄|正品险,Y
安宸嘉美妆进口专营店,全店总售57.8万+件,,【赠礼盒 手持镜】3CE扑克牌流砂限定系列#粉红焦糖MAVER CALL,¥99,已抢1件,仅剩9件|国内现货|24小时发货|假一赔十,Y
安宸嘉美妆进口专营店,全店总售57.8万+件,,【正装】3CE单色腮红膨胀收缩高光修容多用,¥69,已抢2699件,即将售罄|假一赔十,Y
安宸嘉美妆进口专营店,全店总售57.8万+件,,3CE柔雾管柔焦丝绒显白持久口红哑光4g,¥61,总售1.6万+件,百亿补贴|正品险,
安宸嘉美妆进口专营店,全店总售57.8万+件,,3CE 12色眼影盘水泥盘杏粉盘,¥139,已抢454件,国内现货|假一赔十,
安宸嘉美妆进口专营店,全店总售57.8万+件,,【MUUT限定】3CE水雾粉气垫持久遮瑕滋润细腻服帖干皮粉底液,¥151,总售597件,即将售罄|国内现货|假一赔十,Y
安宸嘉美妆进口专营店,全店总售57.8万+件,,3CE水雾唇露 哑光唇釉口红持久乌龙奶茶豆沙色4.6g,,,百亿补贴|即将售罄|正品险,Y
安宸嘉美妆进口专营店,全店总售57.8万+件,,3CE三熹玉NEWTAKE系列 12色眼影腮红水泥盘奶杏色,,,仅剩16件|国内现货|假一赔十,Y
安宸嘉美妆进口专营店,全店总售57.8万+件,,3CE水雾唇露 哑光唇釉口红持久乌龙奶茶豆沙色4.6g,¥49.9,已抢4568件,百亿补贴|即将售罄|正品险,Y
安宸嘉美妆进口专营店,全店总售57.8万+件,,3CE三熹玉NEWTAKE系列 12色眼影腮红水泥盘奶杏色,¥119,已抢31件,仅剩16件|国内现货|假一赔十,Y
安宸嘉美妆进口专营店,全店总售57.8万+件,,【流沙限定】3CE水雾粉气垫不易脱妆干皮遮瑕,¥139,已抢170件,仅剩16件|1002人收藏|假一赔十,Y
安宸嘉美妆进口专营店,全店总售57.8万+件,,【3ce】绒感拥抱口红哑光持久高级显白红棕3.5g,¥89,已抢291件,1616人收藏|假一赔十,
安宸嘉美妆进口专营店,全店总售57.8万+件,,3CE九色九宫格纷呈眼影盘哑光大地色深棕哑光,,,,
安宸嘉美妆进口专营店,全店总售57.8万+件,,3CE滴光唇蜜小蜜勺 镜面唇釉水光显白豆沙红茶3.8g,,,即将售罄,Y
安宸嘉美妆进口专营店,全店总售57.8万+件,,3CE九色九宫格纷呈眼影盘哑光大地色深棕哑光,¥119,12人想拼,国内现货|假一赔十,
安宸嘉美妆进口专营店,全店总售57.8万+件,,3CE滴光唇蜜小蜜勺 镜面唇釉水光显白豆沙红茶3.8g,¥69,已抢202件,即将售罄|675人收藏|假一赔十,Y
安宸嘉美妆进口专营店,全店总售57.8万+件,,3CE好脸色柔雾多用膏腮红高光,¥76,已抢41件,即将售罄|国内现货|假一赔十,Y
安宸嘉美妆进口专营店,全店总售57.8万+件,,3CE 12色眼影盘水泥盘杏粉盘,,,,
安宸嘉美妆进口专营店,全店总售57.8万+件,,3CE好脸色柔雾多用膏腮红高光,,,,
安宸嘉美妆进口专营店,全店总售57.8万+件,,3CE柔雾唇泥 唇釉唇彩口红哑光铁锈棕4g,¥79,已抢7014件,国内现货|24小时发货|假一赔十,
安宸嘉美妆进口专营店,全店总售57.8万+件,,3CE水雾粉气垫粉底液遮瑕保湿持久 正装11g 赠替换芯11g,¥239,已抢171件,即将售罄|国内现货|假一赔十,Y
安宸嘉美妆进口专营店,全店总售57.8万+件,,3CE 12色眼影盘水泥盘杏粉盘,¥136,6人想拼,国内现货|假一赔十,
安宸嘉美妆进口专营店,全店总售57.8万+件,,【3ce】绒感拥抱口红哑光持久高级显白红棕3.5g,¥57.7,已抢644件,百亿补贴|即将售罄,Y
安宸嘉美妆进口专营店,全店总售57.8万+件,,【3ce】绒感拥抱口红哑光持久高级显白红棕3.5g,,,,
安宸嘉美妆进口专营店,全店总售57.8万+件,,3CE双色修容 鼻影阴影高光哑光侧影灰棕色8.6g,¥68.4,总售4279件,百亿补贴|即将售罄,Y
安宸嘉美妆进口专营店,全店总售57.8万+件,,【赠礼盒 手持镜】3CE扑克牌流砂限定系列「裸白开」#INSPIRED,¥99,已抢12件,仅剩3件|国内现货|24小时发货|假一赔十,Y
安宸嘉美妆进口专营店,全店总售57.8万+件,,3CE丝绒唇釉口红唇膏4g新版,¥66,已抢325件,711人收藏|假一赔十,
安宸嘉美妆进口专营店,全店总售57.8万+件,,3CE 12色眼影盘#粉钻盘PINK JOURNEY漫游粉晶色【粉钻星河限定】,¥139,已抢288件,仅剩10件|1425人收藏|假一赔十,Y
安宸嘉美妆进口专营店,全店总售57.8万+件,,3CE透明口红哑光唇膏3.5g 礼物 显白不挑皮,¥66,已抢50件,国内现货|假一赔十,
安宸嘉美妆进口专营店,全店总售57.8万+件,,3CE九色九宫格纷呈眼影盘哑光大地色深棕哑光芋泥盘沙丘灰粉,¥119,已抢7310件,假一赔十,
安宸嘉美妆进口专营店,全店总售57.8万+件,,3CE九宫格眼影#暮霭紫LAVENDER MOON「猫眼石」,¥160,35人想拼,国内现货|假一赔十,
安宸嘉美妆进口专营店,全店总售57.8万+件,,3CE三熹玉雾面持久慕斯显白丝绒唇釉口红唇膏4g礼物,¥66,已抢36件,国内现货|24小时发货|假一赔十,
安宸嘉美妆进口专营店,全店总售57.8万+件,,3CE 12色眼影盘水泥盘+单色腮红3g,¥199,已抢2222件,国内现货|假一赔十,
安宸嘉美妆进口专营店,全店总售57.8万+件,,3CE单色腮红 小方块膨胀收缩高光修容多用3g【迷你腮红】,¥49,已抢2389件,国内现货|假一赔十,
安宸嘉美妆进口专营店,全店总售57.8万+件,,3CE透明口红哑光唇膏3.5g 礼物 显白不挑皮,,,,
安宸嘉美妆进口专营店,全店总售57.8万+件,,3CE透明口红哑光唇膏3.5g 礼物 显白不挑皮,¥89,已抢321件,1139人收藏|假一赔十,
安宸嘉美妆进口专营店,全店总售57.8万+件,,【赠礼盒 手持镜】3CE扑克牌流砂限定系列#NO REGRETS苺兰地,¥109,已抢1件,仅剩9件|国内现货|24小时发货|假一赔十,Y
安宸嘉美妆进口专营店,全店总售57.8万+件,,【赠礼盒 手持镜】3CE扑克牌流砂限定系列#NO REGRETS苺兰地,,,,
安宸嘉美妆进口专营店,全店总售57.8万+件,,3CE水雾粉气垫粉底液遮瑕保湿持久 正装11g 赠替换芯11g,,,,
安宸嘉美妆进口专营店,全店总售57.8万+件,,"3CE融光细管唇冻口红1.7g【请按用量拧出膏体,旋出无法收回】",¥109,已抢521件,即将售罄|2040人收藏|假一赔十,Y
安宸嘉美妆进口专营店,全店总售57.8万+件,,【3ce】单色腮红自然胭脂膨胀提亮哑光百搭黄皮显白,¥39.9,已抢221件,国内现货|24小时发货|假一赔十,
安宸嘉美妆进口专营店,全店总售57.8万+件,,3CE柔雾唇泥 唇釉唇彩口红哑光铁锈棕4g,¥89,已抢3137件,6844人收藏|假一赔十,
安宸嘉美妆进口专营店,全店总售57.8万+件,,3CE四色眼影盘新品彩妆盘便携多用,¥29.9,已抢234件,即将售罄|国内现货|假一赔十,Y
安宸嘉美妆进口专营店,全店总售57.8万+件,,3CE透明口红哑光唇膏3.5g 礼物 显白不挑皮,¥84.5,已抢101件,即将售罄|国内现货|正品险,Y
安宸嘉美妆进口专营店,全店总售57.8万+件,,【赠礼盒】3CE轻松持色唇釉镜面水润持久4.5g,¥69,已抢724件,即将售罄|国内现货|24小时发货|假一赔十,Y
安宸嘉美妆进口专营店,全店总售57.8万+件,,3CE双色修容 鼻影阴影高光哑光侧影灰棕色8.6g,¥109,已抢77件,国内现货|假一赔十,
安宸嘉美妆进口专营店,全店总售57.8万+件,,3CE三熹玉水雾唇露 哑光唇釉口红持久乌龙奶茶豆沙色4.6g,¥67,已抢1082件,国内现货|24小时发货|假一赔十,
安宸嘉美妆进口专营店,全店总售57.8万+件,,【3ce】单色腮红#枫糖吐司色MAPLE TOAST【烘焙限定】5.5g,¥69,已抢30件,百亿补贴|即将售罄|521人收藏|正品险|假一赔十,Y
安宸嘉美妆进口专营店,全店总售57.8万+件,,【赠礼盒】3CE柔雾管柔焦丝绒显白持久口红哑光4g,¥89,已抢10件,国内现货|24小时发货|假一赔十,
安宸嘉美妆进口专营店,全店总售57.8万+件,,【3ce】 12色眼影盘水泥盘杏粉盘+唇绒口红套装,,,,
安宸嘉美妆进口专营店,全店总售57.8万+件,,3CE单色腮红 小方块膨胀收缩高光修容多用3g【迷你腮红】,,,即将售罄,Y
安宸嘉美妆进口专营店,全店总售57.8万+件,,【3ce】 12色眼影盘水泥盘杏粉盘+唇绒口红套装,¥215,已抢1179件,6263人收藏|假一赔十,
安宸嘉美妆进口专营店,全店总售57.8万+件,,3CE单色腮红 小方块膨胀收缩高光修容多用3g【迷你腮红】,¥59,已抢3146件,即将售罄|国内现货|假一赔十,Y
安宸嘉美妆进口专营店,全店总售57.8万+件,,"3CE融光细管唇冻口红1.7g【请按用量拧出膏体,旋出无法收回】",¥89,24人想拼,即将售罄|国内现货|24小时发货|假一赔十,Y
安宸嘉美妆进口专营店,全店总售57.8万+件,,3CE九宫格九色眼影盘哑光大地色淡妆橘棕女水泥盘,¥32.5,已抢2548件,百亿补贴|正品险|假一赔十,
安宸嘉美妆进口专营店,全店总售57.8万+件,,"3CE融光细管唇冻口红1.7g【请按用量拧出膏体,旋出无法收回】",,,,
安宸嘉美妆进口专营店,全店总售57.8万+件,,3CE九宫格九色眼影盘哑光大地色淡妆橘棕女水泥盘,,,,
安宸嘉美妆进口专营店,全店总售57.8万+件,,【赠礼盒 手持镜】3CE扑克牌流砂限定系列#WARM BROWNIE 布朗尼,¥98,已抢2件,仅剩8件|国内现货|24小时发货|假一赔十,Y
安宸嘉美妆进口专营店,全店总售57.8万+件,,【3ce】丝绒唇釉口红4g生裸陶THAT BEIGE,¥39.9,总售2698件,百亿补贴|即将售罄|国内现货|正品险,Y
安宸嘉美妆进口专营店,全店总售57.8万+件,,3CE多功能眼颊盘 烟粉烟紫色彩妆一体盘眼影腮红高光,¥189,已抢93件,即将售罄|国内现货|假一赔十,Y
安宸嘉美妆进口专营店,全店总售57.8万+件,,【赠礼盒 】3CE唇绒 拥抱口红唇膏滋润哑光持久高级显白红棕3.5g,¥169,已抢2件,即将售罄|国内现货|24小时发货|假一赔十,Y
安宸嘉美妆进口专营店,全店总售57.8万+件,,3CE多功能眼颊盘 烟粉烟紫色彩妆一体盘眼影腮红高光,,,,
安宸嘉美妆进口专营店,全店总售57.8万+件,,【赠礼盒 】3CE唇绒 拥抱口红唇膏滋润哑光持久高级显白红棕3.5g,,,,
安宸嘉美妆进口专营店,全店总售57.8万+件,,3CE三熹玉单色腮红胭脂多用自然修容盘 蜜桃橘裸粉,¥39.9,已抢62件,国内现货|24小时发货|假一赔十,
安宸嘉美妆进口专营店,全店总售57.8万+件,,【赠礼盒】3CE九色纷呈眼影盘持久显色哑光水泥盘深棕哑光,¥139,已抢1.2万+件,国内现货|假一赔十,
安宸嘉美妆进口专营店,全店总售57.8万+件,,【赠礼盒】3CE柔雾唇泥 唇釉唇彩口红哑光铁锈棕4g,¥96,已抢3件,国内现货|24小时发货|假一赔十,
安宸嘉美妆进口专营店,全店总售57.8万+件,,3CE焕妆腮红盘腮红高光一体盘自然新手4.3g+雾玫色1.5g,¥129,已抢82件,即将售罄|国内现货|假一赔十,Y
安宸嘉美妆进口专营店,全店总售57.8万+件,,【礼盒包装】3CE柔雾管丝绒显白持久口红哑光4g海盐肉桂色,¥54.72,已抢1538件,百亿补贴|即将售罄|正品险|假一赔十,Y
安宸嘉美妆进口专营店,全店总售57.8万+件,,【3ce】九宫格眼影#海盐面包盘BEIGE RECIPE,¥119,已抢210件,百亿补贴|即将售罄|2725人收藏|正品险,Y
安宸嘉美妆进口专营店,全店总售57.8万+件,,【官方正品】3CE镜面唇釉唇彩口红持久不掉色显白5g,¥119,已抢1件,即将售罄|国内现货|24小时发货|假一赔十,Y
安宸嘉美妆进口专营店,全店总售57.8万+件,,3CE唇绒口红唇膏唇釉滋润哑光显白裸色围炉棕红 透明口红,¥109,已抢3964件,国内现货|24小时发货|假一赔十,
安宸嘉美妆进口专营店,全店总售57.8万+件,,【3ce】九宫格眼影盘#烟粉盘AUTO FOCUS,¥119,已抢1件,仅剩19件|国内现货|假一赔十,Y
安宸嘉美妆进口专营店,全店总售57.8万+件,,【赠礼盒】3CE丝绒唇釉 哑光持久显白口红4g新版,,,国内现货|24小时发货|假一赔十,
安宸嘉美妆进口专营店,全店总售57.8万+件,,3CE焕妆腮红盘腮红高光一体盘自然新手4.3g,,,即将售罄|国内现货|24小时发货|假一赔十,Y
安宸嘉美妆进口专营店,全店总售57.8万+件,,【赠礼盒】3CE丝绒唇釉 哑光持久显白口红4g新版,¥69,已抢3537件,国内现货|24小时发货|假一赔十,
安宸嘉美妆进口专营店,全店总售57.8万+件,,3CE焕妆腮红盘腮红高光一体盘自然新手4.3g,¥126,21人想拼,即将售罄|国内现货|24小时发货|假一赔十,Y
安宸嘉美妆进口专营店,全店总售57.8万+件,,3CE三熹玉水雾唇露 哑光唇釉口红持久乌龙奶茶豆沙色4.6g,¥69,已抢266件,662人收藏|24小时发货,
安宸嘉美妆进口专营店,全店总售57.8万+件,,【礼盒包装】3CE九宫格九色眼影盘+单色迷你腮红3g,¥133.5,已抢1801件,百亿补贴|即将售罄,Y
安宸嘉美妆进口专营店,全店总售57.8万+件,,3CE三熹玉水雾唇露 哑光唇釉口红持久乌龙奶茶豆沙色4.6g,,,,
安宸嘉美妆进口专营店,全店总售57.8万+件,,【礼盒包装】3CE九宫格九色眼影盘+单色迷你腮红3g,,,,
安宸嘉美妆进口专营店,全店总售57.8万+件,,【2支装·赠礼盒】3CE柔雾口红双支装海盐肉桂 半熟西瓜瓤,¥189,已抢13件,国内现货|24小时发货|假一赔十,
安宸嘉美妆进口专营店,全店总售57.8万+件,,【赠礼盒】3CE单色腮红 小方块膨胀收缩高光修容多用【版本随机】,¥99,已抢4189件,国内现货|24小时发货|假一赔十,
安宸嘉美妆进口专营店,全店总售57.8万+件,,【2支】3ce丝绒唇釉4g哑光口红新版,¥129,已抢36件,国内现货|24小时发货|假一赔十,
安宸嘉美妆进口专营店,全店总售57.8万+件,,3CE九宫格九色眼影盘哑光大地色淡妆橘棕女水泥盘,¥99,已抢223件,1324人收藏|假一赔十,
安宸嘉美妆进口专营店,全店总售57.8万+件,,【2支】3ce丝绒唇釉4g哑光口红新版,,,,
安宸嘉美妆进口专营店,全店总售57.8万+件,,【3ce】四色眼影燕麦拿铁+腮红3g,¥159,已抢125件,即将售罄|国内现货|假一赔十,Y
安宸嘉美妆进口专营店,全店总售57.8万+件,,【2支装】3CE唇绒口红哑光显白围炉棕,¥169,已抢18件,国内现货|假一赔十,
安宸嘉美妆进口专营店,全店总售57.8万+件,,【赠礼盒】3CE三熹玉新款风格小方块腮红自然修容4.5g,¥119,已抢807件,2780人收藏|24小时发货,
安宸嘉美妆进口专营店,全店总售57.8万+件,,3CE水雾唇露 哑光唇釉口红持久乌龙奶茶豆沙色4.6g,¥79,11人想拼,国内现货|假一赔十,
安宸嘉美妆进口专营店,全店总售57.8万+件,,【礼盒包装】3CE九宫格九色眼影盘哑光大地色淡妆橘棕女水泥盘,¥99,已抢155件,688人收藏|假一赔十,
安宸嘉美妆进口专营店,全店总售57.8万+件,,【官方正品】3CE三熹玉柔雾唇泥铁锈棕唇釉口红 枫糖肉桂布朗尼4g,¥125,已抢1件,国内现货|24小时发货|假一赔十,
安宸嘉美妆进口专营店,全店总售57.8万+件,,3CE单色腮红 小方块膨胀收缩高光修容多用【包装随机发】,¥66,已抢408件,国内现货|24小时发货|假一赔十,
安宸嘉美妆进口专营店,全店总售57.8万+件,,【赠礼盒 手持镜】3CE扑克牌流砂限定系列九色眼影腮红唇釉口红,¥99,已抢8件,即将售罄|国内现货|24小时发货|假一赔十,Y
安宸嘉美妆进口专营店,全店总售57.8万+件,,【赠礼盒】3CE三熹玉水雾唇露哑光唇釉口红持久不易沾杯 4.6g,¥88,已抢3838件,国内现货|24小时发货|假一赔十,
安宸嘉美妆进口专营店,全店总售57.8万+件,,【3ce】九宫格眼影+【正装腮红】套装 九宫格深棕哑光 裸粉色腮红,¥124,已抢38件,百亿补贴|国内现货|正品险|假一赔十,
安宸嘉美妆进口专营店,全店总售57.8万+件,,【2支装·赠礼盒】3CE柔雾唇泥铁锈棕唇釉口红 布朗尼4g,¥169,已抢2件,即将售罄|国内现货|24小时发货|假一赔十,Y
安宸嘉美妆进口专营店,全店总售57.8万+件,,3CE水雾唇露含迷你唇露套组哑光雾面口红【小样颜色随机,¥99,已抢225件,国内现货|24小时发货|假一赔十,
安宸嘉美妆进口专营店,全店总售57.8万+件,,【赠礼盒】3CE眼影盘腮红套装九宫格橘棕盘裸粉色百搭,,,国内现货|假一赔十,
安宸嘉美妆进口专营店,全店总售57.8万+件,,3CE唇绒口红3.5g+单色腮红3g,,,1282人收藏|假一赔十,
安宸嘉美妆进口专营店,全店总售57.8万+件,,【赠礼盒】3CE眼影盘腮红套装九宫格橘棕盘裸粉色百搭,¥179,已抢604件,国内现货|假一赔十,
安宸嘉美妆进口专营店,全店总售57.8万+件,,3CE唇绒口红3.5g+单色腮红3g,¥129,已抢505件,1282人收藏|假一赔十,
安宸嘉美妆进口专营店,全店总售57.8万+件,,3CE多功能眼颊盘+融光唇冻,¥179,18人想拼,即将售罄|国内现货|假一赔十,Y
安宸嘉美妆进口专营店,全店总售57.8万+件,,3CE多功能眼颊盘+融光唇冻,,,,
安宸嘉美妆进口专营店,全店总售57.8万+件,,【赠礼盒】3CE三熹玉水雾唇露哑光唇釉口红持久不易沾杯 4.6g,,,,
安宸嘉美妆进口专营店,全店总售57.8万+件,,【2支装-赠礼盒】3CE单色腮红 小方块高光修容多用【版本随机】,¥169,已抢8件,国内现货|24小时发货|假一赔十,
安宸嘉美妆进口专营店,全店总售57.8万+件,,【3ce】九色九宫格眼影盘+口红,¥199,已抢5件,国内现货|假一赔十,
安宸嘉美妆进口专营店,全店总售57.8万+件,,【赠礼盒 】3CE唇绒 拥抱口红唇膏哑光持久3.5g+一滴泪液体眼影,¥169,已抢8件,即将售罄|国内现货|24小时发货|假一赔十,Y
安宸嘉美妆进口专营店,全店总售57.8万+件,,【赠礼盒 】3CE唇绒 拥抱口红唇膏哑光持久3.5g+一滴泪液体眼影,,,,
安宸嘉美妆进口专营店,全店总售57.8万+件,,3CE单色腮红 小方块膨胀收缩高光修容多用【包装随机发】,,,,
安宸嘉美妆进口专营店,全店总售57.8万+件,,3CE九宫格眼影+迷你腮红3g,¥159,已抢565件,即将售罄|国内现货|假一赔十,Y
安宸嘉美妆进口专营店,全店总售57.8万+件,,3CE九宫格眼影深棕哑光大地色+唇釉套装,¥114,已抢1546件,百亿补贴|国内现货|正品险,
安宸嘉美妆进口专营店,全店总售57.8万+件,,【赠礼盒】3CE眼颊套装九宫格眼影橘棕盘腮红蜜桃橘生日礼物,¥199,已抢63件,即将售罄|国内现货|24小时发货|假一赔十,Y
安宸嘉美妆进口专营店,全店总售57.8万+件,,3CE九色九宫格纷呈眼影盘+融光唇冻口红1.7g [膏体转出后无法收回,¥169,已抢112件,即将售罄|4171人收藏|假一赔十,Y
安宸嘉美妆进口专营店,全店总售57.8万+件,,3CE九宫格眼影+单色腮红3g,¥149,已抢2259件,假一赔十,
